<?xml version="1.0"?>
<!--<!DOCTYPE metadata SYSTEM "http://www.esri.com/metadata/esriprof80.dtd">-->
<metadata xml:lang="en"><Esri><CreaDate>20080114</CreaDate><CreaTime>23261100</CreaTime><SyncOnce>TRUE</SyncOnce><MetaID>{6E8B1A37-1E42-4A3F-B54D-362718846B9D}</MetaID></Esri><idinfo><citation><citeinfo><onlink Sync="TRUE">\\MEDPC-3035\C$\documents and settings\kim procter\my documents\mydocs\leeds uni\courses\msc ph nut\gis_workshop\workshop_files\Leeds_caswards_2001</onlink></citeinfo></citation></idinfo><distInfo><distributor><distorTran><onLineSrc><linkage Sync="TRUE">file://\\MEDPC-3035\C$\documents and settings\kim procter\my documents\mydocs\leeds uni\courses\msc ph nut\gis_workshop\workshop_files\Leeds_caswards_2001</linkage><protocol Sync="TRUE">Local Area Network</protocol></onLineSrc></distorTran></distributor></distInfo><dataqual><lineage><procstep><procdesc Sync="TRUE">Dataset copied.</procdesc><srcused Sync="TRUE">C:\Documents and Settings\Kim Procter\My Documents\MyDocs\Leeds Uni\Boundaries\GIS boundaries\CasWards\CAS_wards_Leeds\England_caswa_2001_area</srcused><date Sync="TRUE">20080114</date><time Sync="TRUE">17494100</time></procstep><procstep><procdesc Sync="TRUE">Dataset copied.</procdesc><srcused Sync="TRUE">C:\Documents and Settings\Kim Procter\My Documents\MyDocs\Leeds Uni\courses\MSc PH Nut\GIS_workshop\workshop_files2\Leeds_caswards_2001</srcused><date Sync="TRUE">20080114</date><time Sync="TRUE">23261100</time></procstep></lineage></dataqual></metadata>
