<?xml version="1.0"?>
<!--<!DOCTYPE metadata SYSTEM "http://www.esri.com/metadata/esriprof80.dtd">-->
<metadata xml:lang="en"><Esri><CreaDate>20080114</CreaDate><CreaTime>23271200</CreaTime><SyncOnce>TRUE</SyncOnce><MetaID>{C1BF3210-7C9A-48B9-8762-DB45D7144559}</MetaID></Esri><idinfo><citation><citeinfo><onlink Sync="TRUE">\\MEDPC-3035\C$\documents and settings\kim procter\my documents\mydocs\leeds uni\courses\msc ph nut\gis_workshop\workshop_files\obese</onlink></citeinfo></citation></idinfo><distInfo><distributor><distorTran><onLineSrc><linkage Sync="TRUE">file://\\MEDPC-3035\C$\documents and settings\kim procter\my documents\mydocs\leeds uni\courses\msc ph nut\gis_workshop\workshop_files\obese</linkage><protocol Sync="TRUE">Local Area Network</protocol></onLineSrc></distorTran></distributor></distInfo><dataqual><lineage><procstep><procdesc Sync="TRUE">Dataset copied.</procdesc><srcused Sync="TRUE">C:\Documents and Settings\Kim Procter\My Documents\MyDocs\Leeds Uni\courses\MSc PH Nut\GIS_workshop\workshop_files2\obese</srcused><date Sync="TRUE">20080114</date><time Sync="TRUE">23271200</time></procstep></lineage></dataqual></metadata>
