<?xml version="1.0"?>
<!--<!DOCTYPE metadata SYSTEM "http://www.esri.com/metadata/esriprof80.dtd">-->
<metadata xml:lang="en"><Esri><CreaDate>20080114</CreaDate><CreaTime>23272000</CreaTime><SyncOnce>TRUE</SyncOnce><MetaID>{E586C71C-14D7-48B0-91B2-2BE1942252C8}</MetaID></Esri><idinfo><citation><citeinfo><onlink Sync="TRUE">\\MEDPC-3035\C$\documents and settings\kim procter\my documents\mydocs\leeds uni\courses\msc ph nut\gis_workshop\workshop_files\Parks</onlink></citeinfo></citation></idinfo><distInfo><distributor><distorTran><onLineSrc><linkage Sync="TRUE">file://\\MEDPC-3035\C$\documents and settings\kim procter\my documents\mydocs\leeds uni\courses\msc ph nut\gis_workshop\workshop_files\Parks</linkage><protocol Sync="TRUE">Local Area Network</protocol></onLineSrc></distorTran></distributor></distInfo><dataqual><lineage><procstep><procdesc Sync="TRUE">Dataset copied.</procdesc><srcused Sync="TRUE">C:\Documents and Settings\Kim Procter\My Documents\MyDocs\Leeds Uni\data Ob Factors\green_space\GIS\BOUND</srcused><date Sync="TRUE">20080114</date><time Sync="TRUE">17503500</time></procstep><procstep><procdesc Sync="TRUE">Dataset copied.</procdesc><srcused Sync="TRUE">C:\Documents and Settings\Kim Procter\My Documents\MyDocs\Leeds Uni\courses\MSc PH Nut\GIS_workshop\workshop_files2\Parks</srcused><date Sync="TRUE">20080114</date><time Sync="TRUE">23272000</time></procstep></lineage></dataqual></metadata>
